UserId,SongID,Rating
1,234,2
2,234,0
3,234,4
4,234,5
5,234,0
6,234,0
7,234,0
8,234,0
9,234,0
10,234,0
11,234,0
12,234,0
13,234,0
14,234,0
15,234,0
16,234,0
17,234,0
18,234,0
19,234,0
20,234,0
21,234,0
22,234,0
23,234,0
24,234,0
25,234,0
26,234,0
27,234,0
28,234,0
29,234,0
30,234,0
31,234,0
32,234,0
33,234,0
34,234,4
35,234,5
36,234,0
37,234,0
38,234,0
39,234,0
40,234,0
41,234,0
42,234,0
43,234,0
44,234,4
45,234,5
46,234,0
47,234,0
48,234,0
49,234,0
50,234,0
51,234,0
52,234,4
53,234,5
54,234,0
55,234,0
56,234,0
57,234,0
58,234,0
59,234,0
60,234,0
61,234,0
62,234,0
63,234,0
64,234,0
65,234,0
66,234,0
67,234,0
68,234,0
69,234,0
70,234,0
71,234,0
72,234,0
73,234,0
74,234,0
75,234,0
76,234,0
77,234,0
78,234,0
79,234,0
80,234,0
81,234,0
82,234,1
83,234,3
84,234,0
85,234,0
86,234,0
87,234,0
88,234,0
1,243,0
2,243,0
3,243,0
4,243,0
5,243,0
6,243,0
7,243,0
8,243,0
9,243,0
10,243,1
11,243,0
12,243,4
13,243,5
14,243,0
15,243,0
16,243,7
17,243,0
18,243,0
19,243,0
20,243,7
21,243,0
22,243,7
23,243,0
24,243,0
25,243,0
26,243,0
27,243,0
28,243,7
29,243,0
30,243,0
31,243,0
32,243,0
33,243,0
34,243,5
35,243,3
36,243,0
37,243,7
38,243,0
39,243,0
40,243,0
41,243,0
42,243,0
43,243,0
44,243,5
45,243,3
46,243,0
47,243,0
48,243,7
49,243,0
50,243,0
51,243,0
52,243,5
53,243,3
54,243,0
55,243,0
56,243,0
57,243,0
58,243,0
59,243,0
60,243,0
61,243,0
62,243,0
63,243,4
64,243,5
65,243,0
66,243,0
67,243,0
68,243,0
69,243,0
70,243,0
71,243,0
72,243,0
73,243,4
74,243,5
75,243,0
76,243,0
77,243,7
78,243,0
79,243,0
80,243,0
81,243,0
82,243,0
83,243,4
84,243,0
85,243,0
86,243,0
87,243,0
88,243,6
1,252,5
2,252,5
3,252,5
4,252,5
5,252,5
6,252,5
7,252,5
8,252,5
9,252,5
10,252,0
11,252,0
12,252,2
13,252,0
14,252,0
15,252,4
16,252,2
17,252,4
18,252,5
19,252,6
20,252,0
21,252,9
22,252,8
23,252,0
24,252,4
25,252,6
26,252,7
27,252,9
28,252,0
29,252,2
30,252,1
31,252,3
32,252,1
33,252,1
34,252,0
35,252,0
36,252,0
37,252,3
38,252,5
39,252,6
40,252,7
41,252,1
42,252,1
43,252,1
44,252,0
45,252,4
46,252,4
47,252,0
48,252,7
49,252,4
50,252,4
51,252,4
52,252,4
53,252,0
54,252,0
55,252,0
56,252,0
57,252,0
58,252,0
59,252,0
60,252,0
61,252,0
62,252,0
63,252,5
64,252,3
65,252,0
66,252,0
67,252,0
68,252,0
69,252,4
70,252,5
71,252,0
72,252,0
73,252,5
74,252,3
75,252,0
76,252,0
77,252,8
78,252,0
79,252,0
80,252,4
81,252,5
82,252,0
83,252,7
84,252,0
85,252,8
86,252,0
87,252,0
88,252,0
1,261,0
2,261,0
3,261,0
4,261,0
5,261,0
6,261,0
7,261,0
8,261,0
9,261,0
10,261,2
11,261,0
12,261,3
13,261,0
14,261,0
15,261,0
16,261,9
17,261,0
18,261,0
19,261,0
20,261,9
21,261,0
22,261,9
23,261,0
24,261,0
25,261,0
26,261,0
27,261,0
28,261,9
29,261,0
30,261,0
31,261,0
32,261,0
33,261,0
34,261,0
35,261,2
36,261,0
37,261,9
38,261,0
39,261,0
40,261,0
41,261,0
42,261,0
43,261,0
44,261,0
45,261,2
46,261,0
47,261,0
48,261,9
49,261,0
50,261,0
51,261,0
52,261,0
53,261,2
54,261,0
55,261,0
56,261,0
57,261,0
58,261,0
59,261,0
60,261,0
61,261,0
62,261,0
63,261,3
64,261,0
65,261,0
66,261,0
67,261,0
68,261,0
69,261,5
70,261,3
71,261,0
72,261,0
73,261,3
74,261,0
75,261,0
76,261,0
77,261,9
78,261,0
79,261,0
80,261,5
81,261,3
82,261,0
83,261,0
84,261,0
85,261,5
86,261,0
87,261,0
88,261,0
1,270,6
2,270,6
3,270,6
4,270,6
5,270,6
6,270,6
7,270,6
8,270,6
9,270,6
10,270,0
11,270,0
12,270,0
13,270,2
14,270,0
15,270,2
16,270,0
17,270,0
18,270,4
19,270,2
20,270,4
21,270,5
22,270,6
23,270,0
24,270,9
25,270,8
26,270,0
27,270,4
28,270,6
29,270,7
30,270,9
31,270,0
32,270,2
33,270,1
34,270,3
35,270,1
36,270,1
37,270,0
38,270,0
39,270,0
40,270,3
41,270,5
42,270,6
43,270,7
44,270,1
45,270,1
46,270,1
47,270,0
48,270,4
49,270,4
50,270,0
51,270,7
52,270,4
53,270,4
54,270,4
55,270,4
56,270,0
57,270,0
58,270,0
59,270,0
60,270,0
61,270,0
62,270,0
63,270,0
64,270,2
65,270,0
66,270,0
67,270,0
68,270,0
69,270,3
70,270,0
71,270,0
72,270,0
73,270,0
74,270,2
75,270,0
76,270,0
77,270,4
78,270,0
79,270,0
80,270,3
81,270,0
82,270,0
83,270,7
84,270,0
85,270,0
86,270,0
87,270,0
88,270,0
1,279,0
2,279,0
3,279,0
4,279,0
5,279,0
6,279,0
7,279,0
8,279,0
9,279,0
10,279,0
11,279,0
12,279,2
13,279,0
14,279,0
15,279,0
16,279,0
17,279,0
18,279,0
19,279,0
20,279,0
21,279,0
22,279,0
23,279,0
24,279,0
25,279,0
26,279,0
27,279,0
28,279,0
29,279,0
30,279,0
31,279,0
32,279,0
33,279,0
34,279,5
35,279,5
36,279,0
37,279,0
38,279,0
39,279,0
40,279,0
41,279,0
42,279,0
43,279,0
44,279,5
45,279,5
46,279,0
47,279,0
48,279,0
49,279,0
50,279,0
51,279,0
52,279,5
53,279,5
54,279,0
55,279,0
56,279,0
57,279,0
58,279,4
59,279,5
60,279,0
61,279,0
62,279,0
63,279,2
64,279,0
65,279,0
66,279,0
67,279,0
68,279,0
69,279,0
70,279,2
71,279,0
72,279,0
73,279,2
74,279,0
75,279,0
76,279,0
77,279,0
78,279,0
79,279,0
80,279,0
81,279,2
82,279,5
83,279,8
84,279,0
85,279,0
86,279,0
87,279,0
88,279,0
1,288,10
2,288,10
3,288,10
4,288,10
5,288,10
6,288,10
7,288,10
8,288,10
9,288,10
10,288,4
11,288,0
12,288,5
13,288,5
14,288,0
15,288,0
16,288,0
17,288,0
18,288,0
19,288,0
20,288,0
21,288,0
22,288,0
23,288,0
24,288,0
25,288,0
26,288,0
27,288,0
28,288,0
29,288,0
30,288,0
31,288,0
32,288,0
33,288,0
34,288,0
35,288,0
36,288,0
37,288,0
38,288,0
39,288,0
40,288,0
41,288,0
42,288,0
43,288,0
44,288,0
45,288,0
46,288,0
47,288,0
48,288,0
49,288,0
50,288,0
51,288,0
52,288,0
53,288,0
54,288,0
55,288,0
56,288,0
57,288,0
58,288,5
59,288,3
60,288,0
61,288,0
62,288,0
63,288,5
64,288,5
65,288,0
66,288,0
67,288,0
68,288,0
69,288,2
70,288,0
71,288,0
72,288,0
73,288,5
74,288,5
75,288,0
76,288,0
77,288,0
78,288,0
79,288,0
80,288,2
81,288,0
82,288,0
83,288,9
84,288,0
85,288,0
86,288,0
87,288,0
88,288,9
1,297,2
2,297,2
3,297,2
4,297,2
5,297,2
6,297,2
7,297,2
8,297,2
9,297,2
10,297,2
11,297,0
12,297,0
13,297,0
14,297,1
15,297,0
16,297,0
17,297,0
18,297,0
19,297,0
20,297,0
21,297,0
22,297,0
23,297,0
24,297,0
25,297,0
26,297,0
27,297,0
28,297,0
29,297,0
30,297,0
31,297,0
32,297,0
33,297,0
34,297,0
35,297,6
36,297,0
37,297,0
38,297,0
39,297,0
40,297,0
41,297,4
42,297,5
43,297,0
44,297,0
45,297,6
46,297,0
47,297,0
48,297,0
49,297,0
50,297,0
51,297,0
52,297,0
53,297,6
54,297,0
55,297,0
56,297,0
57,297,0
58,297,3
59,297,0
60,297,0
61,297,0
62,297,0
63,297,0
64,297,0
65,297,0
66,297,0
67,297,0
68,297,0
69,297,5
70,297,5
71,297,0
72,297,0
73,297,0
74,297,0
75,297,0
76,297,0
77,297,0
78,297,0
79,297,0
80,297,5
81,297,5
82,297,0
83,297,4
84,297,0
85,297,0
86,297,0
87,297,0
88,297,0
1,306,4
2,306,4
3,306,4
4,306,4
5,306,4
6,306,4
7,306,4
8,306,4
9,306,4
10,306,4
11,306,0
12,306,0
13,306,6
14,306,0
15,306,0
16,306,0
17,306,2
18,306,0
19,306,0
20,306,4
21,306,2
22,306,4
23,306,5
24,306,6
25,306,0
26,306,9
27,306,8
28,306,0
29,306,4
30,306,6
31,306,7
32,306,9
33,306,0
34,306,2
35,306,1
36,306,3
37,306,1
38,306,1
39,306,0
40,306,0
41,306,0
42,306,3
43,306,5
44,306,6
45,306,7
46,306,1
47,306,1
48,306,1
49,306,0
50,306,4
51,306,4
52,306,0
53,306,7
54,306,4
55,306,4
56,306,4
57,306,4
58,306,0
59,306,2
60,306,0
61,306,0
62,306,0
63,306,0
64,306,6
65,306,0
66,306,0
67,306,0
68,306,0
69,306,0
70,306,0
71,306,0
72,306,0
73,306,0
74,306,6
75,306,0
76,306,0
77,306,0
78,306,0
79,306,0
80,306,0
81,306,0
82,306,0
83,306,0
84,306,0
85,306,0
86,306,0
87,306,8
88,306,0
1,315,5
2,315,3
3,315,0
4,315,10
5,315,0
6,315,0
7,315,0
8,315,2
9,315,0
10,315,5
11,315,0
12,315,0
13,315,0
14,315,2
15,315,0
16,315,0
17,315,0
18,315,0
19,315,0
20,315,0
21,315,5
22,315,3
23,315,0
24,315,0
25,315,0
26,315,0
27,315,0
28,315,0
29,315,0
30,315,0
31,315,0
32,315,0
33,315,0
34,315,0
35,315,10
36,315,0
37,315,0
38,315,0
39,315,0
40,315,0
41,315,3
42,315,0
43,315,0
44,315,0
45,315,10
46,315,0
47,315,0
48,315,0
49,315,0
50,315,0
51,315,0
52,315,0
53,315,10
54,315,0
55,315,0
56,315,0
57,315,0
58,315,2
59,315,0
60,315,0
61,315,0
62,315,0
63,315,0
64,315,0
65,315,0
66,315,0
67,315,0
68,315,0
69,315,0
70,315,6
71,315,0
72,315,0
73,315,0
74,315,0
75,315,0
76,315,0
77,315,0
78,315,0
79,315,0
80,315,0
81,315,6
82,315,0
83,315,0
84,315,0
85,315,0
86,315,0
87,315,0
88,315,0
1,324,3
2,324,0
3,324,0
4,324,2
5,324,2
6,324,0
7,324,0
8,324,5
9,324,5
10,324,6
11,324,0
12,324,0
13,324,10
14,324,3
15,324,0
16,324,7
17,324,0
18,324,0
19,324,0
20,324,0
21,324,3
22,324,0
23,324,0
24,324,0
25,324,0
26,324,0
27,324,0
28,324,0
29,324,0
30,324,0
31,324,0
32,324,0
33,324,0
34,324,0
35,324,2
36,324,0
37,324,0
38,324,0
39,324,0
40,324,0
41,324,0
42,324,2
43,324,0
44,324,0
45,324,2
46,324,0
47,324,0
48,324,0
49,324,0
50,324,0
51,324,0
52,324,0
53,324,2
54,324,0
55,324,0
56,324,0
57,324,0
58,324,5
59,324,5
60,324,0
61,324,0
62,324,0
63,324,0
64,324,10
65,324,0
66,324,0
67,324,0
68,324,0
69,324,0
70,324,0
71,324,0
72,324,0
73,324,0
74,324,10
75,324,0
76,324,0
77,324,0
78,324,0
79,324,0
80,324,0
81,324,0
82,324,0
83,324,0
84,324,0
85,324,0
86,324,0
87,324,0
88,324,0
1,333,0
2,333,2
3,333,0
4,333,4
5,333,3
6,333,0
7,333,0
8,333,0
9,333,0
10,333,0
11,333,0
12,333,0
13,333,2
14,333,0
15,333,0
16,333,8
17,333,0
18,333,0
19,333,0
20,333,0
21,333,0
22,333,2
23,333,0
24,333,0
25,333,0
26,333,0
27,333,0
28,333,0
29,333,0
30,333,0
31,333,0
32,333,0
33,333,0
34,333,0
35,333,4
36,333,0
37,333,0
38,333,0
39,333,0
40,333,0
41,333,2
42,333,0
43,333,0
44,333,0
45,333,4
46,333,0
47,333,0
48,333,0
49,333,0
50,333,0
51,333,0
52,333,0
53,333,4
54,333,0
55,333,0
56,333,0
57,333,0
58,333,0
59,333,0
60,333,0
61,333,0
62,333,0
63,333,0
64,333,2
65,333,0
66,333,0
67,333,0
68,333,0
69,333,0
70,333,10
71,333,0
72,333,0
73,333,0
74,333,2
75,333,0
76,333,0
77,333,0
78,333,0
79,333,0
80,333,0
81,333,10
82,333,0
83,333,0
84,333,0
85,333,0
86,333,0
87,333,4
88,333,0
1,342,2
2,342,0
3,342,0
4,342,5
5,342,0
6,342,0
7,342,0
8,342,0
9,342,6
10,342,9
11,342,0
12,342,0
13,342,4
14,342,4
15,342,0
16,342,9
17,342,0
18,342,0
19,342,0
20,342,0
21,342,2
22,342,0
23,342,0
24,342,0
25,342,0
26,342,0
27,342,0
28,342,0
29,342,0
30,342,0
31,342,0
32,342,0
33,342,0
34,342,0
35,342,5
36,342,0
37,342,0
38,342,0
39,342,0
40,342,0
41,342,5
42,342,5
43,342,0
44,342,0
45,342,5
46,342,0
47,342,0
48,342,0
49,342,0
50,342,0
51,342,0
52,342,0
53,342,5
54,342,0
55,342,0
56,342,0
57,342,0
58,342,0
59,342,6
60,342,0
61,342,0
62,342,0
63,342,0
64,342,4
65,342,0
66,342,0
67,342,0
68,342,0
69,342,0
70,342,2
71,342,0
72,342,0
73,342,0
74,342,4
75,342,0
76,342,0
77,342,4
78,342,5
79,342,0
80,342,0
81,342,2
82,342,0
83,342,0
84,342,0
85,342,0
86,342,0
87,342,0
88,342,0
1,351,5
2,351,5
3,351,4
4,351,2
5,351,2
6,351,4
7,351,0
8,351,6
9,351,0
10,351,0
11,351,0
12,351,0
13,351,0
14,351,5
15,351,0
16,351,4
17,351,0
18,351,0
19,351,0
20,351,0
21,351,5
22,351,5
23,351,0
24,351,8
25,351,9
26,351,6
27,351,0
28,351,0
29,351,0
30,351,4
31,351,0
32,351,0
33,351,0
34,351,4
35,351,2
36,351,8
37,351,9
38,351,6
39,351,0
40,351,0
41,351,0
42,351,4
43,351,0
44,351,4
45,351,2
46,351,0
47,351,0
48,351,0
49,351,0
50,351,0
51,351,0
52,351,4
53,351,2
54,351,0
55,351,0
56,351,0
57,351,0
58,351,0
59,351,0
60,351,0
61,351,0
62,351,0
63,351,0
64,351,5
65,351,0
66,351,0
67,351,0
68,351,0
69,351,0
70,351,4
71,351,0
72,351,0
73,351,0
74,351,5
75,351,0
76,351,0
77,351,5
78,351,3
79,351,0
80,351,0
81,351,4
82,351,0
83,351,0
84,351,0
85,351,0
86,351,0
87,351,0
88,351,0
1,360,0
2,360,0
3,360,6
4,360,0
5,360,4
6,360,6
7,360,0
8,360,8
9,360,5
10,360,1
11,360,0
12,360,2
13,360,3
14,360,0
15,360,0
16,360,0
17,360,0
18,360,0
19,360,0
20,360,0
21,360,0
22,360,0
23,360,0
24,360,0
25,360,0
26,360,0
27,360,0
28,360,0
29,360,0
30,360,5
31,360,0
32,360,0
33,360,0
34,360,6
35,360,0
36,360,0
37,360,0
38,360,0
39,360,0
40,360,0
41,360,0
42,360,5
43,360,0
44,360,6
45,360,0
46,360,0
47,360,0
48,360,0
49,360,0
50,360,0
51,360,0
52,360,6
53,360,0
54,360,0
55,360,0
56,360,0
57,360,0
58,360,0
59,360,10
60,360,0
61,360,0
62,360,0
63,360,4
64,360,2
65,360,0
66,360,0
67,360,0
68,360,0
69,360,0
70,360,5
71,360,0
72,360,0
73,360,4
74,360,2
75,360,0
76,360,0
77,360,3
78,360,0
79,360,0
80,360,0
81,360,5
82,360,0
83,360,0
84,360,0
85,360,4
86,360,5
87,360,0
88,360,0
1,369,0
2,369,6
3,369,8
4,369,5
5,369,5
6,369,7
7,369,0
8,369,0
9,369,3
10,369,0
11,369,0
12,369,0
13,369,0
14,369,0
15,369,0
16,369,0
17,369,0
18,369,0
19,369,0
20,369,0
21,369,0
22,369,6
23,369,0
24,369,4
25,369,0
26,369,9
27,369,0
28,369,0
29,369,0
30,369,6
31,369,0
32,369,0
33,369,0
34,369,8
35,369,5
36,369,4
37,369,0
38,369,9
39,369,0
40,369,0
41,369,0
42,369,6
43,369,0
44,369,8
45,369,5
46,369,0
47,369,0
48,369,4
49,369,5
50,369,0
51,369,0
52,369,8
53,369,5
54,369,0
55,369,0
56,369,0
57,369,0
58,369,0
59,369,2
60,369,0
61,369,0
62,369,0
63,369,6
64,369,0
65,369,0
66,369,0
67,369,0
68,369,0
69,369,4
70,369,2
71,369,0
72,369,0
73,369,6
74,369,0
75,369,0
76,369,0
77,369,0
78,369,2
79,369,0
80,369,4
81,369,2
82,369,0
83,369,0
84,369,0
85,369,5
86,369,3
87,369,0
88,369,0
1,378,0
2,378,0
3,378,0
4,378,3
5,378,2
6,378,9
7,378,0
8,378,2
9,378,0
10,378,0
11,378,0
12,378,4
13,378,5
14,378,1
15,378,0
16,378,2
17,378,3
18,378,0
19,378,4
20,378,5
21,378,0
22,378,0
23,378,0
24,378,6
25,378,0
26,378,8
27,378,0
28,378,0
29,378,0
30,378,0
31,378,0
32,378,0
33,378,0
34,378,0
35,378,3
36,378,6
37,378,0
38,378,8
39,378,0
40,378,0
41,378,0
42,378,0
43,378,0
44,378,0
45,378,3
46,378,0
47,378,0
48,378,5
49,378,3
50,378,0
51,378,0
52,378,0
53,378,3
54,378,0
55,378,0
56,378,0
57,378,0
58,378,0
59,378,4
60,378,0
61,378,0
62,378,0
63,378,8
64,378,5
65,378,0
66,378,0
67,378,0
68,378,0
69,378,6
70,378,0
71,378,0
72,378,0
73,378,8
74,378,5
75,378,0
76,378,0
77,378,2
78,378,0
79,378,0
80,378,6
81,378,0
82,378,0
83,378,0
84,378,0
85,378,3
86,378,0
87,378,0
88,378,0
1,387,0
2,387,10
3,387,2
4,387,0
5,387,0
6,387,0
7,387,0
8,387,0
9,387,2
10,387,0
11,387,0
12,387,5
13,387,3
14,387,0
15,387,0
16,387,0
17,387,0
18,387,0
19,387,0
20,387,0
21,387,0
22,387,10
23,387,0
24,387,7
25,387,0
26,387,0
27,387,0
28,387,0
29,387,0
30,387,9
31,387,0
32,387,0
33,387,0
34,387,2
35,387,0
36,387,7
37,387,0
38,387,0
39,387,0
40,387,0
41,387,0
42,387,9
43,387,0
44,387,2
45,387,0
46,387,0
47,387,0
48,387,3
49,387,0
50,387,0
51,387,0
52,387,2
53,387,0
54,387,0
55,387,0
56,387,0
57,387,0
58,387,0
59,387,5
60,387,0
61,387,0
62,387,0
63,387,0
64,387,3
65,387,0
66,387,0
67,387,0
68,387,0
69,387,8
70,387,5
71,387,0
72,387,0
73,387,0
74,387,3
75,387,0
76,387,0
77,387,5
78,387,5
79,387,0
80,387,8
81,387,5
82,387,0
83,387,0
84,387,0
85,387,0
86,387,2
87,387,0
88,387,0
1,396,0
2,396,2
3,396,0
4,396,2
5,396,5
6,396,2
7,396,0
8,396,5
9,396,0
10,396,0
11,396,0
12,396,3
13,396,0
14,396,0
15,396,0
16,396,4
17,396,5
18,396,0
19,396,0
20,396,0
21,396,0
22,396,2
23,396,0
24,396,9
25,396,0
26,396,4
27,396,0
28,396,0
29,396,0
30,396,8
31,396,0
32,396,0
33,396,0
34,396,0
35,396,2
36,396,9
37,396,0
38,396,4
39,396,0
40,396,0
41,396,0
42,396,8
43,396,0
44,396,0
45,396,2
46,396,0
47,396,0
48,396,0
49,396,2
50,396,0
51,396,0
52,396,0
53,396,2
54,396,0
55,396,0
56,396,0
57,396,0
58,396,4
59,396,2
60,396,0
61,396,0
62,396,0
63,396,2
64,396,0
65,396,0
66,396,0
67,396,0
68,396,0
69,396,0
70,396,3
71,396,0
72,396,0
73,396,2
74,396,0
75,396,0
76,396,0
77,396,0
78,396,0
79,396,0
80,396,0
81,396,3
82,396,0
83,396,0
84,396,0
85,396,2
86,396,0
87,396,0
88,396,0
1,405,0
2,405,2
3,405,5
4,405,0
5,405,3
6,405,1
7,405,0
8,405,6
9,405,8
10,405,0
11,405,0
12,405,0
13,405,2
14,405,0
15,405,0
16,405,5
17,405,3
18,405,0
19,405,0
20,405,0
21,405,0
22,405,4
23,405,0
24,405,0
25,405,9
26,405,6
27,405,0
28,405,0
29,405,0
30,405,0
31,405,0
32,405,0
33,405,0
34,405,0
35,405,0
36,405,0
37,405,9
38,405,6
39,405,0
40,405,0
41,405,0
42,405,0
43,405,0
44,405,5
45,405,0
46,405,0
47,405,0
48,405,2
49,405,0
50,405,0
51,405,0
52,405,5
53,405,0
54,405,0
55,405,0
56,405,0
57,405,0
58,405,6
59,405,0
60,405,0
61,405,0
62,405,0
63,405,0
64,405,2
65,405,0
66,405,0
67,405,0
68,405,0
69,405,2
70,405,0
71,405,0
72,405,0
73,405,0
74,405,2
75,405,0
76,405,0
77,405,0
78,405,6
79,405,0
80,405,2
81,405,0
82,405,0
83,405,0
84,405,0
85,405,5
86,405,5
87,405,0
88,405,0
1,414,0
2,414,2
3,414,6
4,414,8
5,414,0
6,414,3
7,414,0
8,414,8
9,414,9
10,414,0
11,414,0
12,414,2
13,414,0
14,414,0
15,414,0
16,414,3
17,414,0
18,414,0
19,414,0
20,414,0
21,414,0
22,414,5
23,414,0
24,414,2
25,414,0
26,414,7
27,414,0
28,414,0
29,414,0
30,414,4
31,414,0
32,414,0
33,414,0
34,414,0
35,414,0
36,414,2
37,414,0
38,414,7
39,414,0
40,414,0
41,414,0
42,414,4
43,414,0
44,414,6
45,414,8
46,414,0
47,414,0
48,414,5
49,414,5
50,414,0
51,414,0
52,414,6
53,414,8
54,414,0
55,414,0
56,414,0
57,414,0
58,414,8
59,414,5
60,414,0
61,414,0
62,414,0
63,414,5
64,414,0
65,414,0
66,414,0
67,414,0
68,414,0
69,414,0
70,414,2
71,414,0
72,414,0
73,414,5
74,414,0
75,414,0
76,414,0
77,414,0
78,414,0
79,414,0
80,414,0
81,414,2
82,414,0
83,414,0
84,414,0
85,414,0
86,414,0
87,414,0
88,414,0
1,423,4
2,423,2
3,423,8
4,423,9
5,423,2
6,423,1
7,423,0
8,423,9
9,423,0
10,423,2
11,423,2
12,423,5
13,423,5
14,423,0
15,423,0
16,423,0
17,423,2
18,423,0
19,423,0
20,423,0
21,423,4
22,423,2
23,423,0
24,423,1
25,423,0
26,423,9
27,423,0
28,423,0
29,423,0
30,423,6
31,423,0
32,423,0
33,423,0
34,423,0
35,423,0
36,423,1
37,423,0
38,423,9
39,423,0
40,423,0
41,423,0
42,423,6
43,423,0
44,423,8
45,423,9
46,423,0
47,423,0
48,423,0
49,423,0
50,423,0
51,423,0
52,423,8
53,423,9
54,423,0
55,423,0
56,423,0
57,423,0
58,423,0
59,423,3
60,423,0
61,423,0
62,423,0
63,423,6
64,423,8
65,423,0
66,423,0
67,423,0
68,423,0
69,423,5
70,423,0
71,423,0
72,423,0
73,423,6
74,423,8
75,423,0
76,423,0
77,423,0
78,423,10
79,423,0
80,423,5
81,423,0
82,423,0
83,423,0
84,423,0
85,423,0
86,423,6
87,423,0
88,423,0
1,432,6
2,432,2
3,432,9
4,432,0
5,432,0
6,432,0
7,432,0
8,432,2
9,432,0
10,432,3
11,432,0
12,432,8
13,432,9
14,432,0
15,432,0
16,432,2
17,432,0
18,432,0
19,432,0
20,432,0
21,432,6
22,432,0
23,432,0
24,432,3
25,432,0
26,432,0
27,432,0
28,432,0
29,432,0
30,432,7
31,432,5
32,432,3
33,432,0
34,432,2
35,432,5
36,432,3
37,432,0
38,432,0
39,432,0
40,432,0
41,432,0
42,432,7
43,432,0
44,432,9
45,432,0
46,432,0
47,432,0
48,432,0
49,432,6
50,432,0
51,432,0
52,432,9
53,432,0
54,432,0
55,432,0
56,432,0
57,432,0
58,432,2
59,432,0
60,432,0
61,432,0
62,432,0
63,432,8
64,432,9
65,432,0
66,432,0
67,432,0
68,432,0
69,432,6
70,432,8
71,432,0
72,432,0
73,432,8
74,432,9
75,432,0
76,432,0
77,432,0
78,432,2
79,432,0
80,432,6
81,432,8
82,432,0
83,432,0
84,432,0
85,432,0
86,432,0
87,432,0
88,432,0
1,441,8
2,441,2
3,441,0
4,441,4
5,441,0
6,441,5
7,441,4
8,441,2
9,441,2
10,441,4
11,441,0
12,441,6
13,441,0
14,441,2
15,441,2
16,441,5
17,441,5
18,441,2
19,441,2
20,441,2
21,441,8
22,441,5
23,441,2
24,441,1
25,441,0
26,441,2
27,441,0
28,441,0
29,441,0
30,441,9
31,441,3
32,441,0
33,441,2
34,441,0
35,441,5
36,441,1
37,441,0
38,441,2
39,441,0
40,441,0
41,441,0
42,441,9
43,441,0
44,441,0
45,441,4
46,441,0
47,441,0
48,441,0
49,441,0
50,441,0
51,441,0
52,441,0
53,441,4
54,441,0
55,441,0
56,441,0
57,441,0
58,441,0
59,441,2
60,441,0
61,441,0
62,441,0
63,441,9
64,441,0
65,441,0
66,441,0
67,441,0
68,441,0
69,441,8
70,441,9
71,441,0
72,441,0
73,441,9
74,441,0
75,441,0
76,441,0
77,441,0
78,441,4
79,441,0
80,441,8
81,441,9
82,441,0
83,441,0
84,441,0
85,441,0
86,441,10
87,441,0
88,441,0
1,450,0
2,450,2
3,450,6
4,450,5
5,450,0
6,450,0
7,450,6
8,450,0
9,450,4
10,450,6
11,450,0
12,450,8
13,450,4
14,450,2
15,450,2
16,450,0
17,450,0
18,450,2
19,450,2
20,450,2
21,450,0
22,450,3
23,450,2
24,450,1
25,450,0
26,450,1
27,450,0
28,450,0
29,450,0
30,450,0
31,450,0
32,450,0
33,450,0
34,450,0
35,450,0
36,450,1
37,450,0
38,450,1
39,450,0
40,450,0
41,450,0
42,450,0
43,450,0
44,450,6
45,450,5
46,450,0
47,450,0
48,450,0
49,450,10
50,450,0
51,450,0
52,450,6
53,450,5
54,450,0
55,450,0
56,450,0
57,450,0
58,450,5
59,450,0
60,450,0
61,450,0
62,450,0
63,450,0
64,450,4
65,450,0
66,450,0
67,450,0
68,450,0
69,450,9
70,450,0
71,450,0
72,450,0
73,450,0
74,450,4
75,450,0
76,450,0
77,450,0
78,450,5
79,450,0
80,450,9
81,450,0
82,450,0
83,450,0
84,450,0
85,450,0
86,450,2
87,450,0
88,450,0
1,459,2
2,459,2
3,459,8
4,459,6
5,459,0
6,459,6
7,459,8
8,459,5
9,459,5
10,459,7
11,459,0
12,459,0
13,459,5
14,459,2
15,459,2
16,459,0
17,459,6
18,459,2
19,459,2
20,459,2
21,459,2
22,459,0
23,459,2
24,459,0
25,459,0
26,459,3
27,459,5
28,459,0
29,459,0
30,459,2
31,459,0
32,459,0
33,459,0
34,459,0
35,459,0
36,459,0
37,459,0
38,459,3
39,459,5
40,459,0
41,459,0
42,459,2
43,459,0
44,459,8
45,459,6
46,459,0
47,459,0
48,459,0
49,459,2
50,459,0
51,459,0
52,459,8
53,459,6
54,459,0
55,459,0
56,459,0
57,459,0
58,459,6
59,459,8
60,459,0
61,459,0
62,459,0
63,459,6
64,459,5
65,459,0
66,459,0
67,459,0
68,459,0
69,459,0
70,459,4
71,459,0
72,459,0
73,459,6
74,459,5
75,459,0
76,459,0
77,459,4
78,459,2
79,459,0
80,459,0
81,459,4
82,459,0
83,459,0
84,459,0
85,459,0
86,459,4
87,459,0
88,459,0
1,468,0
2,468,2
3,468,0
4,468,0
5,468,0
6,468,0
7,468,0
8,468,3
9,468,2
10,468,9
11,468,0
12,468,2
13,468,6
14,468,2
15,468,2
16,468,0
17,468,0
18,468,2
19,468,2
20,468,2
21,468,0
22,468,2
23,468,2
24,468,0
25,468,2
26,468,1
27,468,5
28,468,0
29,468,6
30,468,1
31,468,0
32,468,0
33,468,0
34,468,0
35,468,0
36,468,0
37,468,2
38,468,1
39,468,5
40,468,0
41,468,6
42,468,1
43,468,0
44,468,0
45,468,0
46,468,0
47,468,0
48,468,0
49,468,4
50,468,0
51,468,0
52,468,0
53,468,0
54,468,0
55,468,0
56,468,0
57,468,0
58,468,8
59,468,9
60,468,0
61,468,0
62,468,0
63,468,8
64,468,6
65,468,0
66,468,0
67,468,0
68,468,0
69,468,6
70,468,5
71,468,0
72,468,0
73,468,8
74,468,6
75,468,0
76,468,0
77,468,6
78,468,0
79,468,0
80,468,6
81,468,5
82,468,0
83,468,0
84,468,0
85,468,0
86,468,5
87,468,0
88,468,0
1,477,5
2,477,2
3,477,6
4,477,0
5,477,0
6,477,10
7,477,2
8,477,0
9,477,0
10,477,0
11,477,0
12,477,0
13,477,0
14,477,2
15,477,2
16,477,0
17,477,10
18,477,2
19,477,2
20,477,2
21,477,5
22,477,0
23,477,2
24,477,0
25,477,0
26,477,1
27,477,0
28,477,0
29,477,0
30,477,3
31,477,0
32,477,0
33,477,0
34,477,0
35,477,0
36,477,0
37,477,0
38,477,1
39,477,0
40,477,0
41,477,0
42,477,3
43,477,0
44,477,6
45,477,0
46,477,0
47,477,0
48,477,0
49,477,5
50,477,0
51,477,0
52,477,6
53,477,0
54,477,0
55,477,0
56,477,0
57,477,0
58,477,9
59,477,0
60,477,0
61,477,0
62,477,0
63,477,0
64,477,0
65,477,0
66,477,0
67,477,0
68,477,0
69,477,8
70,477,6
71,477,0
72,477,0
73,477,0
74,477,0
75,477,0
76,477,0
77,477,8
78,477,5
79,477,0
80,477,8
81,477,6
82,477,0
83,477,0
84,477,0
85,477,4
86,477,2
87,477,0
88,477,0
1,486,6
2,486,2
3,486,0
4,486,0
5,486,0
6,486,0
7,486,0
8,486,0
9,486,4
10,486,3
11,486,0
12,486,6
13,486,0
14,486,2
15,486,2
16,486,0
17,486,2
18,486,2
19,486,2
20,486,2
21,486,6
22,486,8
23,486,2
24,486,3
25,486,9
26,486,0
27,486,0
28,486,0
29,486,0
30,486,1
31,486,0
32,486,0
33,486,0
34,486,0
35,486,0
36,486,3
37,486,9
38,486,0
39,486,0
40,486,0
41,486,0
42,486,1
43,486,0
44,486,0
45,486,0
46,486,0
47,486,0
48,486,4
49,486,2
50,486,0
51,486,0
52,486,0
53,486,0
54,486,0
55,486,0
56,486,0
57,486,0
58,486,0
59,486,4
60,486,0
61,486,0
62,486,0
63,486,6
64,486,0
65,486,0
66,486,0
67,486,0
68,486,0
69,486,0
70,486,0
71,486,0
72,486,0
73,486,6
74,486,0
75,486,0
76,486,0
77,486,0
78,486,3
79,486,0
80,486,0
81,486,0
82,486,0
83,486,0
84,486,0
85,486,6
86,486,0
87,486,0
88,486,0
1,495,8
2,495,2
3,495,6
4,495,9
5,495,0
6,495,0
7,495,0
8,495,6
9,495,5
10,495,5
11,495,0
12,495,0
13,495,0
14,495,2
15,495,2
16,495,0
17,495,4
18,495,2
19,495,2
20,495,2
21,495,8
22,495,9
23,495,2
24,495,5
25,495,0
26,495,0
27,495,0
28,495,0
29,495,0
30,495,1
31,495,0
32,495,0
33,495,0
34,495,0
35,495,0
36,495,5
37,495,0
38,495,0
39,495,0
40,495,0
41,495,0
42,495,1
43,495,0
44,495,0
45,495,0
46,495,0
47,495,0
48,495,6
49,495,0
50,495,0
51,495,0
52,495,0
53,495,0
54,495,0
55,495,0
56,495,0
57,495,0
58,495,6
59,495,5
60,495,0
61,495,0
62,495,0
63,495,0
64,495,0
65,495,0
66,495,0
67,495,0
68,495,0
69,495,6
70,495,0
71,495,0
72,495,0
73,495,0
74,495,0
75,495,0
76,495,0
77,495,2
78,495,0
79,495,0
80,495,6
81,495,0
82,495,0
83,495,0
84,495,0
85,495,8
86,495,5
87,495,0
88,495,0
1,504,9
2,504,2
3,504,0
4,504,8
5,504,0
6,504,0
7,504,0
8,504,8
9,504,6
10,504,6
11,504,0
12,504,0
13,504,0
14,504,2
15,504,2
16,504,0
17,504,5
18,504,2
19,504,2
20,504,2
21,504,8
22,504,0
23,504,4
24,504,6
25,504,7
26,504,9
27,504,0
28,504,2
29,504,1
30,504,3
31,504,1
32,504,1
33,504,0
34,504,0
35,504,0
36,504,3
37,504,5
38,504,6
39,504,7
40,504,1
41,504,1
42,504,1
43,504,0
44,504,4
45,504,4
46,504,0
47,504,7
48,504,4
49,504,4
50,504,4
51,504,4
52,504,0
53,504,0
54,504,0
55,504,0
56,504,0
57,504,0
58,504,8
59,504,6
60,504,0
61,504,0
62,504,0
63,504,0
64,504,0
65,504,0
66,504,4
67,504,5
68,504,0
69,504,0
70,504,0
71,504,0
72,504,0
73,504,0
74,504,0
75,504,0
76,504,0
77,504,0
78,504,2
79,504,0
80,504,0
81,504,0
82,504,0
83,504,0
84,504,0
85,504,0
86,504,3
87,504,0
88,504,0
1,513,0
2,513,2
3,513,10
4,513,0
5,513,4
6,513,4
7,513,4
8,513,0
9,513,0
10,513,2
11,513,0
12,513,0
13,513,0
14,513,2
15,513,2
16,513,4
17,513,2
18,513,2
19,513,2
20,513,2
21,513,9
22,513,0
23,513,0
24,513,0
25,513,0
26,513,0
27,513,9
28,513,0
29,513,0
30,513,0
31,513,0
32,513,0
33,513,0
34,513,2
35,513,0
36,513,9
37,513,0
38,513,0
39,513,0
40,513,0
41,513,0
42,513,0
43,513,0
44,513,2
45,513,0
46,513,0
47,513,9
48,513,0
49,513,0
50,513,0
51,513,0
52,513,2
53,513,0
54,513,0
55,513,0
56,513,0
57,513,0
58,513,0
59,513,0
60,513,0
61,513,0
62,513,0
63,513,0
64,513,0
65,513,0
66,513,5
67,513,3
68,513,0
69,513,0
70,513,0
71,513,0
72,513,0
73,513,0
74,513,0
75,513,0
76,513,0
77,513,5
78,513,0
79,513,0
80,513,0
81,513,0
82,513,0
83,513,0
84,513,0
85,513,2
86,513,0
87,513,0
88,513,0
1,522,6
2,522,2
3,522,2
4,522,4
5,522,4
6,522,4
7,522,4
8,522,0
9,522,5
10,522,0
11,522,0
12,522,0
13,522,0
14,522,2
15,522,2
16,522,6
17,522,0
18,522,2
19,522,2
20,522,2
21,522,6
22,522,0
23,522,9
24,522,8
25,522,0
26,522,4
27,522,6
28,522,7
29,522,9
30,522,0
31,522,2
32,522,1
33,522,3
34,522,1
35,522,1
36,522,0
37,522,0
38,522,0
39,522,3
40,522,5
41,522,6
42,522,7
43,522,1
44,522,1
45,522,1
46,522,0
47,522,4
48,522,4
49,522,0
50,522,7
51,522,4
52,522,4
53,522,0
54,522,0
55,522,0
56,522,0
57,522,0
58,522,6
59,522,0
60,522,0
61,522,0
62,522,0
63,522,0
64,522,0
65,522,0
66,522,3
67,522,0
68,522,0
69,522,0
70,522,0
71,522,0
72,522,0
73,522,0
74,522,0
75,522,0
76,522,0
77,522,6
78,522,8
79,522,0
80,522,0
81,522,0
82,522,0
83,522,0
84,522,0
85,522,0
86,522,2
87,522,0
88,522,0
1,531,8
2,531,2
3,531,4
4,531,6
5,531,4
6,531,0
7,531,4
8,531,0
9,531,6
10,531,8
11,531,0
12,531,0
13,531,0
14,531,2
15,531,2
16,531,8
17,531,5
18,531,2
19,531,2
20,531,2
21,531,0
22,531,0
23,531,0
24,531,0
25,531,0
26,531,0
27,531,0
28,531,0
29,531,0
30,531,0
31,531,0
32,531,0
33,531,5
34,531,5
35,531,0
36,531,0
37,531,0
38,531,0
39,531,0
40,531,0
41,531,0
42,531,0
43,531,5
44,531,5
45,531,0
46,531,0
47,531,0
48,531,0
49,531,0
50,531,0
51,531,5
52,531,5
53,531,0
54,531,0
55,531,0
56,531,0
57,531,0
58,531,0
59,531,0
60,531,0
61,531,0
62,531,0
63,531,0
64,531,0
65,531,0
66,531,0
67,531,2
68,531,0
69,531,0
70,531,0
71,531,0
72,531,0
73,531,0
74,531,0
75,531,0
76,531,0
77,531,8
78,531,9
79,531,0
80,531,0
81,531,0
82,531,0
83,531,0
84,531,0
85,531,5
86,531,0
87,531,0
88,531,0
1,540,0
2,540,2
3,540,5
4,540,7
5,540,4
6,540,0
7,540,4
8,540,0
9,540,8
10,540,9
11,540,0
12,540,0
13,540,4
14,540,4
15,540,0
16,540,0
17,540,3
18,540,0
19,540,0
20,540,0
21,540,0
22,540,0
23,540,0
24,540,0
25,540,0
26,540,0
27,540,0
28,540,0
29,540,0
30,540,0
31,540,0
32,540,0
33,540,0
34,540,0
35,540,0
36,540,0
37,540,0
38,540,0
39,540,0
40,540,0
41,540,0
42,540,0
43,540,0
44,540,0
45,540,0
46,540,0
47,540,0
48,540,0
49,540,0
50,540,0
51,540,0
52,540,0
53,540,0
54,540,0
55,540,0
56,540,0
57,540,0
58,540,0
59,540,0
60,540,0
61,540,0
62,540,0
63,540,0
64,540,0
65,540,0
66,540,2
67,540,0
68,540,0
69,540,0
70,540,0
71,540,0
72,540,0
73,540,0
74,540,0
75,540,0
76,540,0
77,540,9
78,540,0
79,540,0
80,540,0
81,540,0
82,540,0
83,540,0
84,540,0
85,540,6
86,540,8
87,540,0
88,540,0
1,549,6
2,549,2
3,549,2
4,549,9
5,549,4
6,549,0
7,549,4
8,549,0
9,549,9
10,549,0
11,549,0
12,549,0
13,549,4
14,549,4
15,549,0
16,549,2
17,549,0
18,549,0
19,549,0
20,549,0
21,549,0
22,549,0
23,549,0
24,549,0
25,549,0
26,549,0
27,549,0
28,549,0
29,549,0
30,549,0
31,549,0
32,549,0
33,549,0
34,549,6
35,549,0
36,549,0
37,549,0
38,549,0
39,549,0
40,549,4
41,549,5
42,549,0
43,549,0
44,549,6
45,549,0
46,549,0
47,549,0
48,549,0
49,549,0
50,549,0
51,549,0
52,549,6
53,549,0
54,549,0
55,549,0
56,549,0
57,549,0
58,549,0
59,549,8
60,549,0
61,549,4
62,549,6
63,549,7
64,549,9
65,549,0
66,549,2
67,549,1
68,549,3
69,549,1
70,549,1
71,549,0
72,549,0
73,549,0
74,549,3
75,549,5
76,549,6
77,549,7
78,549,1
79,549,1
80,549,1
81,549,0
82,549,4
83,549,4
84,549,0
85,549,7
86,549,4
87,549,4
88,549,4
1,558,0
2,558,2
3,558,0
4,558,0
5,558,4
6,558,0
7,558,0
8,558,0
9,558,0
10,558,4
11,558,0
12,558,0
13,558,4
14,558,4
15,558,0
16,558,0
17,558,2
18,558,0
19,558,0
20,558,0
21,558,4
22,558,5
23,558,6
24,558,0
25,558,9
26,558,8
27,558,0
28,558,4
29,558,6
30,558,7
31,558,9
32,558,0
33,558,2
34,558,1
35,558,3
36,558,1
37,558,1
38,558,0
39,558,0
40,558,0
41,558,3
42,558,5
43,558,6
44,558,7
45,558,1
46,558,1
47,558,1
48,558,0
49,558,4
50,558,4
51,558,0
52,558,7
53,558,0
54,558,0
55,558,0
56,558,0
57,558,0
58,558,0
59,558,9
60,558,0
61,558,0
62,558,0
63,558,0
64,558,0
65,558,9
66,558,0
67,558,0
68,558,0
69,558,0
70,558,0
71,558,0
72,558,2
73,558,0
74,558,9
75,558,0
76,558,0
77,558,0
78,558,0
79,558,0
80,558,0
81,558,0
82,558,2
83,558,0
84,558,0
85,558,9
86,558,0
87,558,0
88,558,0
1,567,10
2,567,2
3,567,5
4,567,2
5,567,4
6,567,4
7,567,4
8,567,0
9,567,6
10,567,5
11,567,0
12,567,0
13,567,4
14,567,4
15,567,0
16,567,5
17,567,0
18,567,0
19,567,0
20,567,0
21,567,0
22,567,2
23,567,2
24,567,4
25,567,0
26,567,1
27,567,0
28,567,0
29,567,0
30,567,1
31,567,0
32,567,0
33,567,0
34,567,3
35,567,0
36,567,4
37,567,0
38,567,1
39,567,0
40,567,0
41,567,0
42,567,1
43,567,0
44,567,0
45,567,0
46,567,0
47,567,0
48,567,9
49,567,0
50,567,0
51,567,0
52,567,0
53,567,2
54,567,2
55,567,0
56,567,0
57,567,5
58,567,5
59,567,6
60,567,0
61,567,0
62,567,10
63,567,0
64,567,4
65,567,6
66,567,7
67,567,9
68,567,0
69,567,2
70,567,1
71,567,3
72,567,1
73,567,1
74,567,0
75,567,0
76,567,0
77,567,3
78,567,5
79,567,6
80,567,7
81,567,1
82,567,1
83,567,1
84,567,0
85,567,4
86,567,4
87,567,0
88,567,7
1,576,2
2,576,2
3,576,3
4,576,1
5,576,0
6,576,0
7,576,0
8,576,4
9,576,0
10,576,0
11,576,4
12,576,4
13,576,0
14,576,4
15,576,0
16,576,6
17,576,8
18,576,0
19,576,0
20,576,0
21,576,0
22,576,2
23,576,2
24,576,0
25,576,0
26,576,0
27,576,0
28,576,0
29,576,0
30,576,1
31,576,0
32,576,0
33,576,2
34,576,0
35,576,0
36,576,0
37,576,0
38,576,0
39,576,0
40,576,0
41,576,0
42,576,1
43,576,0
44,576,0
45,576,0
46,576,0
47,576,0
48,576,0
49,576,4
50,576,0
51,576,2
52,576,0
53,576,4
54,576,3
55,576,0
56,576,0
57,576,0
58,576,0
59,576,0
60,576,0
61,576,0
62,576,2
63,576,0
64,576,0
65,576,0
66,576,0
67,576,0
68,576,0
69,576,0
70,576,0
71,576,5
72,576,5
73,576,0
74,576,0
75,576,0
76,576,0
77,576,0
78,576,0
79,576,0
80,576,0
81,576,5
82,576,5
83,576,0
84,576,0
85,576,0
86,576,0
87,576,0
88,576,0
1,585,4
2,585,2
3,585,0
4,585,3
5,585,0
6,585,0
7,585,0
8,585,4
9,585,0
10,585,7
11,585,4
12,585,4
13,585,0
14,585,4
15,585,0
16,585,8
17,585,9
18,585,0
19,585,0
20,585,0
21,585,0
22,585,2
23,585,2
24,585,7
25,585,9
26,585,4
27,585,0
28,585,0
29,585,0
30,585,1
31,585,0
32,585,0
33,585,0
34,585,2
35,585,0
36,585,7
37,585,9
38,585,4
39,585,0
40,585,0
41,585,0
42,585,1
43,585,0
44,585,0
45,585,0
46,585,0
47,585,0
48,585,6
49,585,5
50,585,0
51,585,0
52,585,0
53,585,0
54,585,0
55,585,0
56,585,0
57,585,0
58,585,6
59,585,9
60,585,0
61,585,0
62,585,4
63,585,0
64,585,0
65,585,0
66,585,0
67,585,0
68,585,0
69,585,0
70,585,0
71,585,0
72,585,0
73,585,0
74,585,0
75,585,0
76,585,0
77,585,0
78,585,0
79,585,0
80,585,0
81,585,0
82,585,0
83,585,0
84,585,0
85,585,0
86,585,0
87,585,0
88,585,0
1,594,5
2,594,2
3,594,2
4,594,1
5,594,0
6,594,0
7,594,0
8,594,4
9,594,4
10,594,4
11,594,0
12,594,4
13,594,0
14,594,4
15,594,0
16,594,9
17,594,0
18,594,0
19,594,0
20,594,0
21,594,0
22,594,0
23,594,0
24,594,4
25,594,0
26,594,4
27,594,0
28,594,0
29,594,0
30,594,0
31,594,0
32,594,0
33,594,5
34,594,0
35,594,0
36,594,4
37,594,0
38,594,4
39,594,0
40,594,0
41,594,0
42,594,0
43,594,0
44,594,0
45,594,0
46,594,0
47,594,0
48,594,8
49,594,6
50,594,0
51,594,5
52,594,0
53,594,0
54,594,0
55,594,0
56,594,0
57,594,6
58,594,0
59,594,0
60,594,0
61,594,0
62,594,0
63,594,0
64,594,0
65,594,0
66,594,0
67,594,0
68,594,0
69,594,0
70,594,0
71,594,0
72,594,6
73,594,0
74,594,0
75,594,0
76,594,0
77,594,0
78,594,4
79,594,5
80,594,0
81,594,0
82,594,6
83,594,0
84,594,0
85,594,0
86,594,0
87,594,0
88,594,0
1,603,3
2,603,2
3,603,0
4,603,1
5,603,0
6,603,0
7,603,0
8,603,4
9,603,4
10,603,4
11,603,9
12,603,4
13,603,0
14,603,0
15,603,0
16,603,0
17,603,4
18,603,0
19,603,0
20,603,0
21,603,0
22,603,0
23,603,0
24,603,4
25,603,0
26,603,0
27,603,0
28,603,0
29,603,0
30,603,4
31,603,0
32,603,0
33,603,6
34,603,8
35,603,0
36,603,4
37,603,0
38,603,0
39,603,0
40,603,0
41,603,0
42,603,4
43,603,0
44,603,0
45,603,0
46,603,0
47,603,0
48,603,0
49,603,0
50,603,0
51,603,0
52,603,0
53,603,0
54,603,0
55,603,0
56,603,0
57,603,8
58,603,5
59,603,1
60,603,0
61,603,2
62,603,3
63,603,9
64,603,8
65,603,0
66,603,4
67,603,6
68,603,7
69,603,9
70,603,0
71,603,2
72,603,1
73,603,3
74,603,1
75,603,1
76,603,0
77,603,0
78,603,0
79,603,3
80,603,5
81,603,6
82,603,7
83,603,1
84,603,1
85,603,1
86,603,0
87,603,4
88,603,4
1,612,0
2,612,2
3,612,8
4,612,0
5,612,0
6,612,0
7,612,0
8,612,4
9,612,4
10,612,4
11,612,4
12,612,4
13,612,4
14,612,4
15,612,0
16,612,6
17,612,5
18,612,0
19,612,0
20,612,0
21,612,0
22,612,0
23,612,0
24,612,4
25,612,0
26,612,7
27,612,0
28,612,0
29,612,0
30,612,4
31,612,0
32,612,0
33,612,8
34,612,9
35,612,0
36,612,4
37,612,0
38,612,7
39,612,0
40,612,0
41,612,0
42,612,4
43,612,0
44,612,0
45,612,0
46,612,0
47,612,0
48,612,6
49,612,0
50,612,0
51,612,6
52,612,0
53,612,0
54,612,0
55,612,0
56,612,0
57,612,0
58,612,3
59,612,0
60,612,0
61,612,0
62,612,0
63,612,0
64,612,0
65,612,0
66,612,0
67,612,5
68,612,0
69,612,0
70,612,0
71,612,0
72,612,0
73,612,0
74,612,0
75,612,0
76,612,0
77,612,0
78,612,0
79,612,0
80,612,0
81,612,0
82,612,0
83,612,0
84,612,0
85,612,0
86,612,0
87,612,0
88,612,0
1,621,2
2,621,2
3,621,9
4,621,0
5,621,0
6,621,0
7,621,0
8,621,4
9,621,4
10,621,4
11,621,0
12,621,4
13,621,4
14,621,4
15,621,0
16,621,8
17,621,6
18,621,0
19,621,0
20,621,0
21,621,0
22,621,0
23,621,0
24,621,4
25,621,0
26,621,4
27,621,5
28,621,0
29,621,0
30,621,0
31,621,0
32,621,0
33,621,9
34,621,0
35,621,0
36,621,4
37,621,0
38,621,4
39,621,5
40,621,0
41,621,0
42,621,0
43,621,0
44,621,0
45,621,0
46,621,0
47,621,0
48,621,0
49,621,0
50,621,0
51,621,0
52,621,0
53,621,0
54,621,0
55,621,0
56,621,0
57,621,2
58,621,0
59,621,0
60,621,0
61,621,4
62,621,5
63,621,0
64,621,0
65,621,0
66,621,4
67,621,2
68,621,0
69,621,0
70,621,0
71,621,0
72,621,0
73,621,0
74,621,0
75,621,0
76,621,0
77,621,0
78,621,0
79,621,0
80,621,0
81,621,0
82,621,0
83,621,0
84,621,0
85,621,0
86,621,0
87,621,0
88,621,0
1,630,5
2,630,2
3,630,0
4,630,0
5,630,0
6,630,0
7,630,0
8,630,0
9,630,0
10,630,0
11,630,0
12,630,0
13,630,0
14,630,0
15,630,0
16,630,0
17,630,0
18,630,0
19,630,0
20,630,0
21,630,0
22,630,0
23,630,0
24,630,0
25,630,2
26,630,4
27,630,5
28,630,0
29,630,6
30,630,7
31,630,0
32,630,0
33,630,0
34,630,4
35,630,0
36,630,0
37,630,2
38,630,4
39,630,5
40,630,0
41,630,6
42,630,7
43,630,0
44,630,0
45,630,0
46,630,0
47,630,0
48,630,0
49,630,0
50,630,0
51,630,10
52,630,2
53,630,0
54,630,0
55,630,0
56,630,0
57,630,0
58,630,2
59,630,0
60,630,0
61,630,5
62,630,3
63,630,0
64,630,0
65,630,0
66,630,6
67,630,0
68,630,0
69,630,0
70,630,6
71,630,0
72,630,10
73,630,2
74,630,4
75,630,0
76,630,0
77,630,0
78,630,0
79,630,0
80,630,0
81,630,0
82,630,0
83,630,0
84,630,0
85,630,0
86,630,0
87,630,0
88,630,0
1,639,0
2,639,2
3,639,4
4,639,3
5,639,0
6,639,0
7,639,4
8,639,5
9,639,3
10,639,0
11,639,2
12,639,5
13,639,0
14,639,0
15,639,0
16,639,5
17,639,3
18,639,0
19,639,0
20,639,0
21,639,0
22,639,3
23,639,2
24,639,0
25,639,1
26,639,0
27,639,5
28,639,0
29,639,0
30,639,0
31,639,0
32,639,0
33,639,6
34,639,5
35,639,0
36,639,0
37,639,6
38,639,0
39,639,0
40,639,0
41,639,0
42,639,0
43,639,0
44,639,0
45,639,0
46,639,0
47,639,0
48,639,0
49,639,0
50,639,0
51,639,2
52,639,0
53,639,2
54,639,5
55,639,2
56,639,0
57,639,5
58,639,0
59,639,0
60,639,0
61,639,3
62,639,0
63,639,0
64,639,0
65,639,0
66,639,8
67,639,5
68,639,0
69,639,0
70,639,6
71,639,0
72,639,10
73,639,2
74,639,4
75,639,2
76,639,5
77,639,0
78,639,0
79,639,6
80,639,8
81,639,0
82,639,2
83,639,0
84,639,5
85,639,6
86,639,0
87,639,0
88,639,0
1,648,0
2,648,2
3,648,5
4,648,5
5,648,0
6,648,0
7,648,6
8,648,0
9,648,2
10,648,1
11,648,0
12,648,1
13,648,6
14,648,6
15,648,9
16,648,3
17,648,0
18,648,0
19,648,0
20,648,0
21,648,0
22,648,0
23,648,1
24,648,8
25,648,0
26,648,0
27,648,6
28,648,8
29,648,0
30,648,0
31,648,0
32,648,0
33,648,8
34,648,6
35,648,0
36,648,0
37,648,0
38,648,0
39,648,0
40,648,0
41,648,0
42,648,0
43,648,0
44,648,0
45,648,0
46,648,0
47,648,0
48,648,0
49,648,0
50,648,0
51,648,2
52,648,5
53,648,0
54,648,3
55,648,1
56,648,0
57,648,6
58,648,8
59,648,0
60,648,0
61,648,0
62,648,2
63,648,0
64,648,0
65,648,0
66,648,0
67,648,3
68,648,0
69,648,0
70,648,6
71,648,0
72,648,10
73,648,2
74,648,4
75,648,0
76,648,5
77,648,0
78,648,6
79,648,0
80,648,5
81,648,3
82,648,0
83,648,2
84,648,0
85,648,8
86,648,0
87,648,0
88,648,0
1,657,0
2,657,2
3,657,6
4,657,6
5,657,0
6,657,0
7,657,0
8,657,2
9,657,0
10,657,8
11,657,9
12,657,0
13,657,4
14,657,5
15,657,6
16,657,0
17,657,0
18,657,0
19,657,0
20,657,3
21,657,0
22,657,2
23,657,0
24,657,9
25,657,0
26,657,0
27,657,8
28,657,9
29,657,0
30,657,0
31,657,0
32,657,0
33,657,0
34,657,0
35,657,0
36,657,0
37,657,0
38,657,0
39,657,0
40,657,0
41,657,0
42,657,0
43,657,0
44,657,0
45,657,0
46,657,0
47,657,0
48,657,0
49,657,0
50,657,0
51,657,2
52,657,6
53,657,8
54,657,0
55,657,3
56,657,0
57,657,8
58,657,9
59,657,0
60,657,0
61,657,2
62,657,0
63,657,0
64,657,0
65,657,0
66,657,2
67,657,0
68,657,0
69,657,0
70,657,0
71,657,0
72,657,4
73,657,2
74,657,4
75,657,5
76,657,6
77,657,0
78,657,9
79,657,0
80,657,1
81,657,0
82,657,0
83,657,0
84,657,0
85,657,0
86,657,0
87,657,0
88,657,0
1,666,5
2,666,2
3,666,0
4,666,7
5,666,0
6,666,0
7,666,3
8,666,1
9,666,1
10,666,0
11,666,0
12,666,0
13,666,3
14,666,5
15,666,6
16,666,7
17,666,1
18,666,0
19,666,2
20,666,1
21,666,0
22,666,5
23,666,1
24,666,0
25,666,0
26,666,0
27,666,9
28,666,0
29,666,0
30,666,0
31,666,0
32,666,0
33,666,6
34,666,0
35,666,0
36,666,0
37,666,0
38,666,0
39,666,0
40,666,0
41,666,0
42,666,0
43,666,0
44,666,0
45,666,0
46,666,0
47,666,0
48,666,0
49,666,0
50,666,0
51,666,2
52,666,8
53,666,9
54,666,2
55,666,1
56,666,0
57,666,9
58,666,0
59,666,2
60,666,2
61,666,5
62,666,5
63,666,0
64,666,0
65,666,0
66,666,0
67,666,2
68,666,0
69,666,0
70,666,0
71,666,0
72,666,0
73,666,0
74,666,0
75,666,0
76,666,0
77,666,0
78,666,0
79,666,0
80,666,0
81,666,0
82,666,0
83,666,0
84,666,0
85,666,0
86,666,0
87,666,0
88,666,0
1,675,3
2,675,2
3,675,0
4,675,1
5,675,0
6,675,0
7,675,0
8,675,0
9,675,0
10,675,0
11,675,0
12,675,0
13,675,0
14,675,0
15,675,0
16,675,0
17,675,0
18,675,0
19,675,0
20,675,1
21,675,5
22,675,0
23,675,4
24,675,0
25,675,0
26,675,0
27,675,0
28,675,0
29,675,0
30,675,0
31,675,0
32,675,0
33,675,0
34,675,0
35,675,0
36,675,0
37,675,0
38,675,0
39,675,0
40,675,0
41,675,0
42,675,0
43,675,0
44,675,0
45,675,0
46,675,0
47,675,0
48,675,0
49,675,0
50,675,0
51,675,2
52,675,9
53,675,0
54,675,0
55,675,0
56,675,0
57,675,2
58,675,0
59,675,3
60,675,0
61,675,8
62,675,9
63,675,0
64,675,0
65,675,0
66,675,5
67,675,0
68,675,0
69,675,0
70,675,0
71,675,2
72,675,5
73,675,0
74,675,0
75,675,0
76,675,0
77,675,0
78,675,0
79,675,0
80,675,2
81,675,0
82,675,4
83,675,5
84,675,3
85,675,0
86,675,0
87,675,0
88,675,0
1,684,0
2,684,2
3,684,4
4,684,5
5,684,3
6,684,0
7,684,2
8,684,5
9,684,0
10,684,0
11,684,0
12,684,5
13,684,3
14,684,0
15,684,0
16,684,0
17,684,0
18,684,0
19,684,8
20,684,0
21,684,6
22,684,0
23,684,2
24,684,0
25,684,0
26,684,0
27,684,0
28,684,0
29,684,0
30,684,0
31,684,0
32,684,0
33,684,0
34,684,0
35,684,4
36,684,0
37,684,0
38,684,0
39,684,0
40,684,0
41,684,0
42,684,0
43,684,0
44,684,0
45,684,0
46,684,0
47,684,0
48,684,0
49,684,0
50,684,0
51,684,2
52,684,0
53,684,4
54,684,0
55,684,5
56,684,4
57,684,2
58,684,2
59,684,4
60,684,0
61,684,6
62,684,0
63,684,0
64,684,0
65,684,0
66,684,6
67,684,8
68,684,0
69,684,0
70,684,2
71,684,0
72,684,5
73,684,0
74,684,6
75,684,0
76,684,10
77,684,2
78,684,4
79,684,0
80,684,3
81,684,0
82,684,5
83,684,3
84,684,0
85,684,2
86,684,0
87,684,0
88,684,0
1,693,2
2,693,2
3,693,6
4,693,0
5,693,2
6,693,1
7,693,0
8,693,1
9,693,6
10,693,6
11,693,9
12,693,3
13,693,0
14,693,0
15,693,0
16,693,0
17,693,0
18,693,0
19,693,9
20,693,0
21,693,0
22,693,9
23,693,4
24,693,0
25,693,0
26,693,0
27,693,4
28,693,0
29,693,0
30,693,0
31,693,0
32,693,0
33,693,0
34,693,0
35,693,5
36,693,0
37,693,0
38,693,0
39,693,0
40,693,0
41,693,0
42,693,0
43,693,0
44,693,0
45,693,0
46,693,0
47,693,0
48,693,0
49,693,0
50,693,0
51,693,2
52,693,6
53,693,5
54,693,0
55,693,0
56,693,6
57,693,0
58,693,4
59,693,6
60,693,0
61,693,8
62,693,4
63,693,0
64,693,0
65,693,0
66,693,8
67,693,9
68,693,0
69,693,6
70,693,6
71,693,6
72,693,0
73,693,0
74,693,0
75,693,2
76,693,0
77,693,2
78,693,0
79,693,5
80,693,0
81,693,0
82,693,1
83,693,0
84,693,0
85,693,0
86,693,0
87,693,0
88,693,0
1,702,5
2,702,2
3,702,0
4,702,2
5,702,0
6,702,8
7,702,9
8,702,0
9,702,4
10,702,5
11,702,6
12,702,0
13,702,0
14,702,0
15,702,0
16,702,0
17,702,0
18,702,0
19,702,0
20,702,0
21,702,9
22,702,0
23,702,5
24,702,0
25,702,0
26,702,0
27,702,2
28,702,5
29,702,3
30,702,0
31,702,2
32,702,5
33,702,0
34,702,0
35,702,0
36,702,0
37,702,0
38,702,0
39,702,0
40,702,0
41,702,0
42,702,0
43,702,0
44,702,0
45,702,0
46,702,0
47,702,0
48,702,0
49,702,0
50,702,0
51,702,2
52,702,8
53,702,6
54,702,0
55,702,6
56,702,8
57,702,5
58,702,5
59,702,7
60,702,0
61,702,0
62,702,5
63,702,0
64,702,0
65,702,0
66,702,9
67,702,0
68,702,0
69,702,0
70,702,0
71,702,0
72,702,0
73,702,0
74,702,2
75,702,0
76,702,0
77,702,0
78,702,0
79,702,0
80,702,0
81,702,0
82,702,0
83,702,0
84,702,0
85,702,0
86,702,0
87,702,0
88,702,0
1,711,0
2,711,2
3,711,3
4,711,1
5,711,1
6,711,0
7,711,0
8,711,0
9,711,3
10,711,5
11,711,6
12,711,7
13,711,1
14,711,0
15,711,0
16,711,0
17,711,0
18,711,0
19,711,4
20,711,3
21,711,8
22,711,9
23,711,6
24,711,0
25,711,0
26,711,0
27,711,4
28,711,3
29,711,0
30,711,2
31,711,0
32,711,5
33,711,0
34,711,6
35,711,0
36,711,10
37,711,2
38,711,0
39,711,0
40,711,0
41,711,0
42,711,0
43,711,0
44,711,0
45,711,0
46,711,0
47,711,0
48,711,0
49,711,0
50,711,0
51,711,0
52,711,0
53,711,0
54,711,0
55,711,0
56,711,0
57,711,0
58,711,0
59,711,0
60,711,0
61,711,0
62,711,0
63,711,0
64,711,0
65,711,0
66,711,0
67,711,4
68,711,0
69,711,10
70,711,10
71,711,10
72,711,4
73,711,0
74,711,5
75,711,5
76,711,0
77,711,0
78,711,0
79,711,4
80,711,0
81,711,0
82,711,2
83,711,0
84,711,4
85,711,5
86,711,0
87,711,0
88,711,0
1,720,0
2,720,2
3,720,0
4,720,0
5,720,0
6,720,0
7,720,0
8,720,0
9,720,0
10,720,0
11,720,0
12,720,0
13,720,0
14,720,0
15,720,0
16,720,0
17,720,0
18,720,0
19,720,5
20,720,5
21,720,0
22,720,0
23,720,0
24,720,0
25,720,0
26,720,0
27,720,5
28,720,0
29,720,0
30,720,0
31,720,0
32,720,0
33,720,0
34,720,0
35,720,0
36,720,0
37,720,0
38,720,0
39,720,0
40,720,0
41,720,0
42,720,0
43,720,0
44,720,0
45,720,0
46,720,0
47,720,0
48,720,0
49,720,0
50,720,0
51,720,0
52,720,0
53,720,0
54,720,0
55,720,0
56,720,0
57,720,0
58,720,0
59,720,8
60,720,9
61,720,6
62,720,0
63,720,0
64,720,0
65,720,4
66,720,6
67,720,5
68,720,0
69,720,2
70,720,2
71,720,2
72,720,2
73,720,0
74,720,0
75,720,0
76,720,1
77,720,0
78,720,0
79,720,0
80,720,0
81,720,0
82,720,0
83,720,0
84,720,0
85,720,0
86,720,0
87,720,0
88,720,0
1,729,0
2,729,2
3,729,0
4,729,0
5,729,0
6,729,0
7,729,0
8,729,0
9,729,0
10,729,0
11,729,0
12,729,0
13,729,0
14,729,0
15,729,0
16,729,2
17,729,0
18,729,8
19,729,6
20,729,6
21,729,4
22,729,0
23,729,9
24,729,0
25,729,0
26,729,0
27,729,6
28,729,0
29,729,0
30,729,10
31,729,2
32,729,4
33,729,5
34,729,2
35,729,0
36,729,5
37,729,3
38,729,0
39,729,2
40,729,0
41,729,8
42,729,9
43,729,0
44,729,4
45,729,5
46,729,6
47,729,0
48,729,0
49,729,0
50,729,0
51,729,0
52,729,0
53,729,0
54,729,4
55,729,0
56,729,0
57,729,0
58,729,0
59,729,0
60,729,0
61,729,0
62,729,0
63,729,0
64,729,0
65,729,5
66,729,8
67,729,6
68,729,0
69,729,4
70,729,4
71,729,4
72,729,4
73,729,0
74,729,0
75,729,6
76,729,0
77,729,0
78,729,0
79,729,0
80,729,0
81,729,0
82,729,0
83,729,0
84,729,0
85,729,0
86,729,0
87,729,0
88,729,0
1,738,0
2,738,2
3,738,0
4,738,0
5,738,0
6,738,0
7,738,3
8,738,2
9,738,0
10,738,1
11,738,0
12,738,0
13,738,0
14,738,0
15,738,3
16,738,1
17,738,1
18,738,0
19,738,0
20,738,7
21,738,6
22,738,0
23,738,8
24,738,0
25,738,0
26,738,0
27,738,0
28,738,0
29,738,0
30,738,3
31,738,0
32,738,4
33,738,5
34,738,0
35,738,0
36,738,1
37,738,0
38,738,0
39,738,0
40,738,0
41,738,0
42,738,0
43,738,2
44,738,2
45,738,2
46,738,2
47,738,2
48,738,2
49,738,2
50,738,2
51,738,2
52,738,2
53,738,2
54,738,4
55,738,0
56,738,0
57,738,0
58,738,0
59,738,4
60,738,0
61,738,9
62,738,0
63,738,0
64,738,0
65,738,6
66,738,0
67,738,0
68,738,0
69,738,0
70,738,2
71,738,0
72,738,5
73,738,0
74,738,0
75,738,0
76,738,2
77,738,0
78,738,0
79,738,0
80,738,0
81,738,0
82,738,0
83,738,0
84,738,0
85,738,0
86,738,0
87,738,0
88,738,0
1,747,0
2,747,2
3,747,0
4,747,0
5,747,0
6,747,0
7,747,0
8,747,1
9,747,8
10,747,0
11,747,0
12,747,0
13,747,0
14,747,0
15,747,0
16,747,0
17,747,0
18,747,0
19,747,0
20,747,1
21,747,7
22,747,0
23,747,0
24,747,0
25,747,0
26,747,0
27,747,9
28,747,0
29,747,0
30,747,0
31,747,0
32,747,0
33,747,0
34,747,0
35,747,0
36,747,0
37,747,0
38,747,0
39,747,0
40,747,0
41,747,0
42,747,0
43,747,2
44,747,2
45,747,2
46,747,2
47,747,2
48,747,2
49,747,2
50,747,2
51,747,2
52,747,2
53,747,2
54,747,0
55,747,0
56,747,0
57,747,0
58,747,0
59,747,6
60,747,0
61,747,8
62,747,0
63,747,0
64,747,0
65,747,0
66,747,6
67,747,0
68,747,0
69,747,0
70,747,5
71,747,5
72,747,6
73,747,0
74,747,0
75,747,10
76,747,3
77,747,0
78,747,7
79,747,0
80,747,0
81,747,0
82,747,0
83,747,0
84,747,0
85,747,0
86,747,0
87,747,0
88,747,0
1,756,0
2,756,2
3,756,0
4,756,0
5,756,3
6,756,0
7,756,2
8,756,0
9,756,9
10,756,0
11,756,0
12,756,0
13,756,3
14,756,0
15,756,2
16,756,5
17,756,0
18,756,0
19,756,0
20,756,0
21,756,9
22,756,0
23,756,4
24,756,0
25,756,0
26,756,0
27,756,8
28,756,0
29,756,0
30,756,7
31,756,8
32,756,9
33,756,4
34,756,0
35,756,0
36,756,2
37,756,0
38,756,4
39,756,5
40,756,3
41,756,0
42,756,2
43,756,5
44,756,0
45,756,0
46,756,0
47,756,0
48,756,0
49,756,0
50,756,0
51,756,4
52,756,6
53,756,8
54,756,0
55,756,0
56,756,0
57,756,0
58,756,0
59,756,7
60,756,0
61,756,0
62,756,0
63,756,0
64,756,0
65,756,9
66,756,0
67,756,0
68,756,0
69,756,0
70,756,0
71,756,0
72,756,0
73,756,0
74,756,0
75,756,2
76,756,0
77,756,0
78,756,8
79,756,0
80,756,0
81,756,0
82,756,0
83,756,0
84,756,0
85,756,0
86,756,0
87,756,0
88,756,0
1,765,0
2,765,2
3,765,0
4,765,2
5,765,1
6,765,0
7,765,5
8,765,1
9,765,0
10,765,0
11,765,0
12,765,0
13,765,2
14,765,1
15,765,0
16,765,1
17,765,6
18,765,6
19,765,9
20,765,3
21,765,0
22,765,9
23,765,6
24,765,0
25,765,0
26,765,0
27,765,0
28,765,0
29,765,0
30,765,0
31,765,0
32,765,0
33,765,0
34,765,0
35,765,0
36,765,3
37,765,0
38,765,5
39,765,3
40,765,0
41,765,2
42,765,0
43,765,5
44,765,0
45,765,6
46,765,0
47,765,10
48,765,2
49,765,4
50,765,5
51,765,2
52,765,0
53,765,5
54,765,3
55,765,0
56,765,0
57,765,0
58,765,0
59,765,9
60,765,0
61,765,4
62,765,0
63,765,0
64,765,0
65,765,8
66,765,0
67,765,0
68,765,0
69,765,0
70,765,0
71,765,6
72,765,9
73,765,0
74,765,0
75,765,4
76,765,4
77,765,0
78,765,9
79,765,0
80,765,0
81,765,0
82,765,0
83,765,0
84,765,0
85,765,0
86,765,0
87,765,0
88,765,0
1,774,4
2,774,2
3,774,0
4,774,0
5,774,1
6,774,0
7,774,0
8,774,6
9,774,4
10,774,3
11,774,0
12,774,0
13,774,0
14,774,8
15,774,9
16,774,0
17,774,4
18,774,5
19,774,6
20,774,0
21,774,2
22,774,0
23,774,7
24,774,0
25,774,0
26,774,0
27,774,4
28,774,0
29,774,0
30,774,0
31,774,0
32,774,0
33,774,0
34,774,0
35,774,0
36,774,0
37,774,0
38,774,0
39,774,0
40,774,0
41,774,0
42,774,0
43,774,2
44,774,2
45,774,2
46,774,2
47,774,2
48,774,2
49,774,2
50,774,2
51,774,2
52,774,2
53,774,2
54,774,0
55,774,0
56,774,0
57,774,0
58,774,0
59,774,0
60,774,9
61,774,6
62,774,0
63,774,0
64,774,0
65,774,0
66,774,0
67,774,0
68,774,0
69,774,0
70,774,6
71,774,0
72,774,0
73,774,0
74,774,0
75,774,0
76,774,5
77,774,0
78,774,4
79,774,0
80,774,0
81,774,0
82,774,0
83,774,0
84,774,0
85,774,0
86,774,0
87,774,0
88,774,0
1,783,6
2,783,2
3,783,0
4,783,8
5,783,0
6,783,0
7,783,0
8,783,6
9,783,5
10,783,5
11,783,0
12,783,0
13,783,1
14,783,0
15,783,0
16,783,0
17,783,3
18,783,5
19,783,6
20,783,7
21,783,1
22,783,0
23,783,9
24,783,0
25,783,0
26,783,0
27,783,6
28,783,0
29,783,0
30,783,0
31,783,0
32,783,0
33,783,0
34,783,0
35,783,0
36,783,4
37,783,0
38,783,0
39,783,0
40,783,0
41,783,0
42,783,0
43,783,2
44,783,2
45,783,2
46,783,2
47,783,2
48,783,2
49,783,2
50,783,2
51,783,2
52,783,2
53,783,2
54,783,0
55,783,0
56,783,0
57,783,0
58,783,0
59,783,2
60,783,0
61,783,7
62,783,0
63,783,0
64,783,0
65,783,4
66,783,0
67,783,0
68,783,0
69,783,0
70,783,8
71,783,5
72,783,1
73,783,0
74,783,2
75,783,3
76,783,0
77,783,0
78,783,0
79,783,0
80,783,0
81,783,0
82,783,0
83,783,0
84,783,0
85,783,0
86,783,0
87,783,0
88,783,0
